{
    "loss": 1.3278133869171143,
    "accuracy": 0.7931034564971924
}